date,holdings,n_holdings,target_pool,cash,stock_value,total,day_return_pct,cum_return_pct,actions
2026-02-24,"sz.300749,sz.301526,sz.001896,sh.600397,sh.605033,sz.301217,sh.603256,sz.300812,sz.301580",9,"sz.300749,sz.301526,sz.001896,sh.600397,sh.605033,sz.301217,sh.603256,sh.605289,sz.300812,sz.301580",29898.97,70031.0,99929.97,-0.07,-0.07,买入 sz.300749 200股; 买入 sz.301526 500股; 买入 sz.001896 800股; 买入 sh.600397 500股; 买入 sh.605033 200股; 买入 sz.301217 200股; 买入 sh.603256 100股; 买入 sz.300812 200股; 买入 sz.301580 100股
2026-02-25,"sz.301526,sz.001896,sh.600397,sz.301217,sh.603256,sz.301580,sz.002498,sz.300739",8,"sz.001896,sz.301526,sz.301217,sh.600397,sh.688480,sh.605289,sz.301580,sz.002498,sz.300739,sh.603256",33699.51,69655.0,103354.51,3.4269,3.3545,卖出 sz.300749; 卖出 sh.605033; 卖出 sz.300812; 买入 sz.002498 1100股; 买入 sz.300739 300股
2026-02-26,"sz.001896,sh.600397,sz.301217,sz.002498,sz.300739,sz.000890,sz.300277",7,"sz.300739,sz.001896,sz.301217,sh.605289,sh.688480,sh.600397,sz.002498,sz.000890,sz.301018,sz.300277",41308.22,65547.0,106855.22,3.3871,6.8552,卖出 sz.301526; 卖出 sh.603256; 卖出 sz.301580; 买入 sz.000890 1100股; 买入 sz.300277 300股
2026-02-27,"sz.001896,sh.600397,sz.300739,sz.000890,sz.300788,sz.002470,sz.300164",7,"sz.001896,sh.605289,sh.600397,sh.688480,sz.300739,sz.300788,sz.002470,sz.000890,sh.688125,sz.300164",38610.34,68314.0,106924.34,0.0647,6.9243,卖出 sz.301217; 卖出 sz.002498; 卖出 sz.300277; 买入 sz.300788 200股; 买入 sz.002470 3100股; 买入 sz.000890 100股; 买入 sz.300164 600股
2026-03-02,"sz.001896,sz.300164,sz.300191,sz.301226,sz.300157,sz.300658,sh.601872",7,"sz.300164,sz.001896,sh.688480,sz.300191,sz.301226,sz.300157,sz.300658,sh.601872,sh.605289,sh.688028",42316.56,66150.0,108466.56,1.4423,8.4666,卖出 sh.600397; 卖出 sz.300739; 卖出 sz.000890; 卖出 sz.300788; 卖出 sz.002470; 买入 sz.300191 200股; 买入 sz.301226 200股; 买入 sz.300157 1100股; 买入 sz.300658 300股; 买入 sh.601872 500股
2026-03-03,"sz.300164,sz.300191,sz.300157,sz.300658,sh.601872,sz.002980,sz.301158,sz.301302,sz.002843,sz.300483",10,"sz.300164,sz.300658,sz.300191,sz.300157,sz.002980,sz.301158,sh.601872,sz.301302,sz.002843,sz.300483",21114.03,93252.0,114366.03,5.439,14.366,卖出 sz.001896; 卖出 sz.301226; 买入 sz.002980 200股; 买入 sz.301158 200股; 买入 sz.301302 200股; 买入 sz.002843 300股; 买入 sz.300483 400股
2026-03-04,"sz.300164,sz.300191,sz.002980,sz.301302,sh.603318,sh.600108,sh.600498,sh.603618,sh.603950",9,"sz.300164,sz.301302,sh.603318,sh.600108,sh.600498,sz.300191,sh.603618,sh.688025,sz.002980,sh.603950",28786.93,82357.0,111143.93,-2.8174,11.1439,卖出 sz.300157; 卖出 sz.300658; 卖出 sh.601872; 卖出 sz.301158; 卖出 sz.002843; 卖出 sz.300483; 买入 sh.603318 900股; 买入 sh.600108 1800股; 买入 sh.600498 100股; 买入 sh.603618 400股; 买入 sh.603950 200股
2026-03-05,"sz.300164,sz.301302,sh.603318,sh.600108,sz.002490,sh.600714,sz.300303,sz.300317,sh.600236",9,"sz.300164,sz.002490,sh.600714,sh.600108,sz.301302,sz.301338,sz.300303,sz.300317,sh.600236,sh.603318",21481.08,85375.0,106856.08,-3.8579,6.8561,卖出 sz.300191; 卖出 sz.002980; 卖出 sh.600498; 卖出 sh.603618; 卖出 sh.603950; 买入 sz.002490 700股; 买入 sh.600714 400股; 买入 sh.600108 100股; 买入 sz.300303 700股; 买入 sz.300317 1600股; 买入 sh.600236 800股; 买入 sh.603318 100股
2026-03-06,"sz.300164,sh.600108,sz.002490,sh.600714,sh.600722,sz.301373,sz.300831,sh.688176,sz.300658,sz.300323",10,"sz.002490,sh.600722,sz.301373,sh.600108,sz.300831,sh.688176,sz.300658,sh.600714,sz.300323,sz.300164",13219.51,92065.0,105284.51,-1.4707,5.2845,卖出 sz.301302; 卖出 sh.603318; 卖出 sz.300303; 卖出 sz.300317; 卖出 sh.600236; 买入 sh.600722 700股; 买入 sz.301373 100股; 买入 sz.300831 400股; 买入 sh.688176 500股; 买入 sz.300658 300股; 买入 sz.300323 700股
2026-03-09,"sz.002490,sz.301373,sh.688176,sz.300323,sh.605268,sz.000533,sz.300880,sz.301638,sz.301179",9,"sz.301373,sh.688176,sh.605268,sz.000533,sz.300880,sz.301638,sz.300323,sz.002490,sz.301179,sh.688525",31112.94,72425.0,103537.94,-1.6589,3.5379,卖出 sz.300164; 卖出 sh.600108; 卖出 sh.600714; 卖出 sh.600722; 卖出 sz.300831; 卖出 sz.300658; 买入 sh.605268 600股; 买入 sz.000533 500股; 买入 sz.300880 300股; 买入 sz.301638 200股; 买入 sz.301179 300股
2026-03-10,"sz.301373,sh.688176,sh.605268,sz.000533,sz.300880,sh.688158,sz.300257",7,"sz.301373,sh.605268,sz.000533,sh.688300,sh.688176,sh.688158,sh.688525,sh.688229,sz.300257,sz.300880",49256.7,55251.0,104507.7,0.9366,4.5077,卖出 sz.002490; 卖出 sz.300323; 卖出 sz.301638; 卖出 sz.301179; 买入 sh.688158 100股; 买入 sz.300257 200股
2026-03-11,"sz.301373,sz.000533,sh.688158,sz.300257,sh.601789,sz.001267,sz.301638,sz.301265,sz.300903",9,"sz.301373,sh.688300,sh.601789,sz.001267,sh.688158,sz.000533,sz.301638,sz.301265,sz.300257,sz.300903",36804.91,66730.78,103535.69,-0.9301,3.5357,卖出 sh.688176; 卖出 sh.605268; 卖出 sz.300880; 买入 sh.601789 1200股; 买入 sz.001267 100股; 买入 sz.301638 200股; 买入 sz.301265 400股; 买入 sz.300903 200股
2026-03-12,"sh.601789,sz.301638,sz.002015,sz.002445,sz.301658,sh.601868,sh.688295,sh.603778",8,"sz.301396,sz.002015,sh.601789,sz.002445,sz.301658,sh.601868,sh.688295,sh.688300,sz.301638,sh.603778",37132.71,65096.0,102228.71,-1.2624,2.2287,卖出 sz.301373; 卖出 sz.000533; 卖出 sh.688158; 卖出 sz.300257; 卖出 sz.001267; 卖出 sz.301265; 卖出 sz.300903; 买入 sz.002015 400股; 买入 sz.002445 2200股; 买入 sz.301658 100股; 买入 sh.601868 2400股; 买入 sh.688295 200股; 买入 sh.603778 400股
2026-03-13,"sz.002015,sz.002445,sz.301658,sh.688295,sh.600726,sh.688097,sz.300677,sh.603803,sz.000537",9,"sz.002445,sz.301396,sh.600726,sh.688295,sz.002015,sz.301658,sh.688097,sz.300677,sh.603803,sz.000537",30085.34,71493.0,101578.34,-0.6362,1.5783,卖出 sh.601789; 卖出 sz.301638; 卖出 sh.601868; 卖出 sh.603778; 买入 sh.600726 2100股; 买入 sh.688097 100股; 买入 sz.300677 100股; 买入 sh.603803 600股; 买入 sz.000537 700股
2026-03-16,"sh.688295,sh.600726,sz.300243,sh.688700,sh.600722,sz.301667,sz.000890,sh.600683,sz.300936",9,"sh.688295,sh.600726,sz.300243,sh.688700,sz.301396,sh.600722,sz.301667,sz.000890,sh.600683,sz.300936",26123.13,73177.0,99300.13,-2.2428,-0.6999,卖出 sz.002015; 卖出 sz.002445; 卖出 sz.301658; 卖出 sh.688097; 卖出 sz.300677; 卖出 sh.603803; 卖出 sz.000537; 买入 sz.300243 500股; 买入 sh.688700 100股; 买入 sh.600722 400股; 买入 sz.301667 100股; 买入 sz.000890 700股; 买入 sh.600683 900股; 买入 sz.300936 100股
2026-03-17,"sh.688295,sh.600726,sh.600722,sz.301667,sz.000890,sh.600683,sh.603248,sh.600227,sh.600691",9,"sh.688295,sz.301667,sz.000890,sh.600722,sh.600683,sh.603248,sh.600227,sh.600691,sz.301396,sh.600726",20797.84,82780.0,103577.84,4.3079,3.5778,卖出 sz.300243; 卖出 sh.688700; 卖出 sz.300936; 买入 sh.603248 200股; 买入 sh.600227 1700股; 买入 sh.600691 1900股
2026-03-18,"sh.688295,sz.301667,sz.000890,sh.600683,sh.603248,sz.300042,sh.600396,sz.000020",8,"sh.688295,sz.301667,sz.300042,sz.000890,sh.600683,sz.300672,sh.603929,sh.603248,sh.600396,sz.000020",31554.81,71410.0,102964.81,-0.5919,2.9648,卖出 sh.600726; 卖出 sh.600722; 卖出 sh.600227; 卖出 sh.600691; 买入 sz.300042 100股; 买入 sh.600396 1700股; 买入 sz.000020 400股
2026-03-19,"sh.688295,sz.000890,sz.300042,sh.600396,sz.000020,sz.300302,sz.301248,sh.600726",8,"sz.000020,sz.300042,sh.688295,sz.000890,sh.600396,sh.603929,sz.300302,sz.301306,sz.301248,sh.600726",32834.22,69332.0,102166.22,-0.7756,2.1662,卖出 sz.301667; 卖出 sh.600683; 卖出 sh.603248; 买入 sz.300302 300股; 买入 sz.301248 100股; 买入 sh.600726 1800股
2026-03-20,"sz.300042,sh.600396,sz.000020,sz.300302,sh.600726,sh.603687,sz.002310,sz.000601",8,"sh.600396,sz.000020,sz.300042,sh.603687,sh.603929,sh.600726,sz.002310,sh.688498,sz.300302,sz.000601",32387.54,68558.0,100945.54,-1.1948,0.9455,卖出 sh.688295; 卖出 sz.000890; 卖出 sz.301248; 买入 sh.603687 600股; 买入 sz.002310 2600股; 买入 sz.000601 1100股
2026-03-23,"sh.600396,sz.000020,sh.603687,sz.002310,sz.002565,sh.600032,sz.300720,sh.603693,sz.301658",9,"sh.600396,sh.603687,sz.301306,sz.000020,sz.002310,sz.002565,sh.600032,sz.300720,sh.603693,sz.301658",23376.19,77056.0,100432.19,-0.5085,0.4322,卖出 sz.300042; 卖出 sz.300302; 卖出 sh.600726; 卖出 sz.000601; 买入 sz.002565 500股; 买入 sh.600032 800股; 买入 sz.300720 100股; 买入 sh.603693 500股; 买入 sz.301658 100股
2026-03-24,"sh.600396,sh.603687,sz.300868,sz.000539,sz.002309,sz.000601,sh.600726,sh.603803,sz.000815",9,"sh.600396,sh.603687,sz.300868,sz.000539,sz.002309,sz.000601,sh.600726,sh.603803,sz.000815,sh.688498",23495.74,78348.0,101843.74,1.4055,1.8437,卖出 sz.000020; 卖出 sz.002310; 卖出 sz.002565; 卖出 sh.600032; 卖出 sz.300720; 卖出 sh.603693; 卖出 sz.301658; 买入 sz.300868 100股; 买入 sz.000539 1300股; 买入 sz.002309 1900股; 买入 sz.000601 1100股; 买入 sh.600726 1600股; 买入 sh.603803 500股; 买入 sz.000815 400股
2026-03-25,"sh.600396,sh.603687,sz.000539,sz.002309,sh.600726,sh.600032,sz.300720,sh.600758,sh.600982",9,"sh.600396,sh.600032,sz.002309,sh.688048,sz.300720,sh.603687,sh.600758,sh.600726,sh.600982,sz.000539",20093.22,86774.0,106867.22,4.9325,6.8672,卖出 sz.300868; 卖出 sz.000601; 卖出 sh.603803; 卖出 sz.000815; 买入 sh.600032 700股; 买入 sz.300720 100股; 买入 sh.600758 1600股; 买入 sh.600982 1300股
2026-03-26,"sh.600396,sh.603687,sz.002309,sh.600726,sh.600032,sh.600758,sz.300668,sh.603538,sz.002192,sh.600310",10,"sh.600396,sz.300668,sh.600758,sh.603538,sz.002309,sh.600032,sh.603687,sz.002192,sh.600310,sh.600726",12557.06,96304.0,108861.06,1.8657,8.8611,卖出 sz.000539; 卖出 sz.300720; 卖出 sh.600982; 买入 sz.300668 200股; 买入 sh.603538 200股; 买入 sz.002309 100股; 买入 sz.002192 100股; 买入 sh.600310 1600股
2026-03-27,"sh.600396,sz.300668,sh.603538,sz.002192,sz.301292,sz.300868,sz.000720,sh.600982,sz.000688,sh.600666",10,"sz.301292,sz.002192,sh.600396,sz.300868,sh.603538,sz.000720,sh.600982,sz.000688,sh.600666,sz.300668",17160.04,90397.07,107557.11,-1.1978,7.5571,卖出 sh.603687; 卖出 sz.002309; 卖出 sh.600726; 卖出 sh.600032; 卖出 sh.600758; 卖出 sh.600310; 买入 sz.301292 100股; 买入 sz.300868 100股; 买入 sz.000720 1700股; 买入 sh.600982 1300股; 买入 sz.000688 200股; 买入 sh.600666 1500股
2026-03-30,"sh.603538,sz.002192,sz.301292,sh.600666,sh.600539,sh.603115,sz.002361,sh.688710,sz.300497",9,"sh.603538,sz.002192,sz.301292,sh.600539,sh.600666,sh.601869,sh.603115,sz.002361,sh.688710,sz.300497",27142.74,78256.0,105398.74,-2.0067,5.3987,卖出 sh.600396; 卖出 sz.300668; 卖出 sz.300868; 卖出 sz.000720; 卖出 sh.600982; 卖出 sz.000688; 买入 sh.600539 600股; 买入 sh.603115 200股; 买入 sz.002361 600股; 买入 sh.688710 100股; 买入 sz.300497 400股
2026-03-31,"sh.603538,sz.002361,sz.301008,sh.688677,sh.603601,sz.002263,sz.300461,sh.603618,sh.600488,sz.002038",10,"sz.002361,sz.301008,sh.688677,sh.603601,sh.603538,sz.002263,sz.300461,sh.603618,sh.600488,sz.002038",21314.11,81248.0,102562.11,-2.6913,2.5621,卖出 sz.002192; 卖出 sz.301292; 卖出 sh.600666; 卖出 sh.600539; 卖出 sh.603115; 卖出 sh.688710; 卖出 sz.300497; 买入 sz.301008 200股; 买入 sh.688677 100股; 买入 sh.603601 500股; 买入 sz.002263 2000股; 买入 sz.300461 100股; 买入 sh.603618 300股; 买入 sh.600488 1700股; 买入 sz.002038 1200股
2026-04-01,"sz.002361,sz.301008,sh.688677,sz.300461,sh.600488,sz.300834,sz.301201,sz.300204,sz.300683,sh.600513",10,"sh.688677,sz.300834,sz.301008,sz.002361,sh.600488,sz.301201,sz.300461,sz.300204,sz.300683,sh.600513",29372.58,75275.0,104647.58,2.0334,4.6476,卖出 sh.603538; 卖出 sh.603601; 卖出 sz.002263; 卖出 sh.603618; 卖出 sz.002038; 买入 sz.300834 200股; 买入 sz.301201 100股; 买入 sz.300204 200股; 买入 sz.300683 100股; 买入 sh.600513 300股
2026-04-02,"sz.002361,sz.301008,sh.688677,sz.300461,sh.600488,sz.300834,sz.301201,sz.300204,sz.301188,sz.002038",10,"sz.300834,sh.688677,sh.600488,sz.301201,sz.301188,sz.300204,sz.002038,sz.300461,sz.301008,sz.002361",24465.78,82162.0,106627.78,1.8922,6.6278,卖出 sz.300683; 卖出 sh.600513; 买入 sz.301188 400股; 买入 sz.002038 1100股
2026-04-03,"sz.301008,sh.688677,sh.600488,sz.300834,sz.301201,sz.301188,sz.002038,sh.688553,sh.603122,sz.002560",10,"sz.300834,sh.688677,sh.600488,sz.301008,sz.002038,sh.688553,sz.301201,sh.603122,sz.002560,sz.301188",20609.58,87601.67,108211.25,1.485,8.2112,卖出 sz.002361; 卖出 sz.300461; 卖出 sz.300204; 买入 sh.688553 400股; 买入 sh.603122 400股; 买入 sz.002560 1000股
2026-04-07,"sh.688677,sh.600488,sz.300834,sz.301201,sh.688553,sz.002560,sh.605162,sh.688628,sz.002788,sz.000586",10,"sz.300834,sh.600488,sh.688553,sh.688677,sz.002560,sh.605162,sh.688628,sz.002788,sz.000586,sz.301201",22183.85,86361.54,108545.39,0.3088,8.5454,卖出 sz.301008; 卖出 sz.301188; 卖出 sz.002038; 卖出 sh.603122; 买入 sh.605162 600股; 买入 sh.688628 100股; 买入 sz.002788 500股; 买入 sz.000586 400股
2026-04-08,"sh.600488,sz.300834,sh.688553,sh.688628,sz.000586,sh.688485,sz.301070,sz.002957,sz.301188",9,"sh.688485,sz.300834,sz.000586,sh.688553,sz.301070,sh.688628,sh.600488,sz.301312,sz.002957,sz.301188",29393.3,80391.0,109784.3,1.1414,9.7843,卖出 sh.688677; 卖出 sz.301201; 卖出 sz.002560; 卖出 sh.605162; 卖出 sz.002788; 买入 sh.688485 200股; 买入 sz.301070 100股; 买入 sz.002957 200股; 买入 sz.301188 400股
2026-04-09,"sh.688628,sz.000586,sh.688485,sz.301070,sh.688693,sz.300626,sh.600791,sz.002491",8,"sz.000586,sh.688485,sh.688693,sz.301070,sz.300548,sz.301362,sz.300626,sh.600791,sh.688628,sz.002491",39732.61,68916.0,108648.61,-1.0345,8.6486,卖出 sh.600488; 卖出 sz.300834; 卖出 sh.688553; 卖出 sz.002957; 卖出 sz.301188; 买入 sh.688693 100股; 买入 sz.300626 300股; 买入 sh.600791 700股; 买入 sz.002491 600股
2026-04-10,"sh.688485,sz.301070,sh.688693,sh.600743,sz.300489,sh.688146,sz.300131",7,"sh.688485,sz.301070,sh.688693,sz.301362,sh.600743,sz.300489,sz.300548,sh.688146,sz.301630,sz.300131",48711.32,57609.0,106320.32,-2.143,6.3203,卖出 sh.688628; 卖出 sz.000586; 卖出 sz.300626; 卖出 sh.600791; 卖出 sz.002491; 买入 sh.600743 3600股; 买入 sz.300489 100股; 买入 sh.688146 100股; 买入 sz.300131 600股
2026-04-13,"sh.688485,sz.301070,sh.688693,sh.600743,sz.300489,sh.603950,sz.301055,sh.688135,sz.002364",9,"sh.600743,sz.301070,sh.688693,sh.603950,sz.301055,sh.688135,sz.002364,sh.688485,sz.300489,sz.301630",34676.57,74158.0,108834.57,2.3648,8.8346,卖出 sh.688146; 卖出 sz.300131; 买入 sh.603950 100股; 买入 sz.301055 300股; 买入 sh.688135 200股; 买入 sz.002364 200股
2026-04-14,"sh.688693,sh.600743,sh.603950,sz.002364,sz.301189,sz.002328,sz.300668,sz.002580,sz.300390,sh.603256",10,"sh.688693,sh.600743,sz.301189,sz.002364,sh.603950,sz.002328,sz.300668,sz.002580,sz.300390,sh.603256",25980.21,84540.0,110520.21,1.5488,10.5202,卖出 sh.688485; 卖出 sz.301070; 卖出 sz.300489; 卖出 sz.301055; 卖出 sh.688135; 买入 sz.301189 100股; 买入 sz.002328 800股; 买入 sz.300668 100股; 买入 sz.002580 400股; 买入 sz.300390 100股; 买入 sh.603256 100股
2026-04-15,"sh.603950,sz.002364,sz.301189,sz.002328,sz.002580,sh.603256,sz.301055,sz.002824,sz.300868,sh.603773",10,"sz.301189,sz.002580,sz.002328,sz.002364,sh.603950,sz.301055,sz.002824,sz.300868,sh.603773,sh.603256",22520.02,89910.0,112430.02,1.728,12.43,卖出 sh.688693; 卖出 sh.600743; 卖出 sz.300668; 卖出 sz.300390; 买入 sz.301055 300股; 买入 sz.002824 300股; 买入 sz.300868 100股; 买入 sh.603773 200股
2026-04-16,"sz.301189,sz.002328,sz.002580,sz.301055,sz.300905,sz.002297,sz.002990,sh.603897,sz.300390",9,"sz.301189,sz.002580,sz.301055,sz.002328,sz.300905,sz.002297,sz.301396,sz.002990,sh.603897,sz.300390",26375.33,87028.0,113403.33,0.8657,13.4033,卖出 sh.603950; 卖出 sz.002364; 卖出 sh.603256; 卖出 sz.002824; 卖出 sz.300868; 卖出 sh.603773; 买入 sz.300905 200股; 买入 sz.002297 600股; 买入 sz.002990 200股; 买入 sh.603897 200股; 买入 sz.300390 100股
2026-04-17,"sz.301189,sz.002580,sz.300905,sz.002297,sz.002990,sh.688227,sh.603629,sh.603698",8,"sh.688227,sz.002580,sz.002297,sz.300905,sz.300857,sz.002990,sh.603629,sh.603698,sz.301189,sz.301396",36382.42,82270.0,118652.42,4.6287,18.6524,卖出 sz.002328; 卖出 sz.301055; 卖出 sh.603897; 卖出 sz.300390; 买入 sh.688227 100股; 买入 sh.603629 100股; 买入 sh.603698 200股
2026-04-20,"sz.301189,sz.002580,sz.300905,sz.002297,sz.002990,sh.688227,sh.603629,sz.300736",8,"sh.688227,sz.002297,sz.002580,sz.300905,sz.301396,sz.300857,sh.603629,sz.300736,sz.301189,sz.002990",34562.34,87616.0,122178.34,2.9716,22.1783,卖出 sh.603698; 买入 sz.300736 400股
2026-04-21,"sz.300905,sz.002297,sh.688227,sz.300736,sh.600961,sz.300540,sh.605222,sz.002361,sz.301319",9,"sh.688227,sz.300905,sh.600961,sz.300736,sz.002297,sz.300540,sh.605222,sh.688502,sz.002361,sz.301319",31538.72,86457.41,117996.14,-3.423,17.9961,卖出 sz.301189; 卖出 sz.002580; 卖出 sz.002990; 卖出 sh.603629; 买入 sh.600961 300股; 买入 sz.300540 300股; 买入 sh.605222 300股; 买入 sz.002361 400股; 买入 sz.301319 100股
2026-04-22,"sz.300905,sh.688227,sh.600961,sz.300540,sh.688628,sz.003018,sz.002081,sz.301603,sz.300067",9,"sh.600961,sh.688227,sh.688628,sz.003018,sz.002081,sz.300540,sh.688502,sz.301603,sz.300067,sz.300905",29408.7,91522.85,120931.55,2.4877,20.9316,卖出 sz.002297; 卖出 sz.300736; 卖出 sh.605222; 卖出 sz.002361; 卖出 sz.301319; 买入 sh.688628 100股; 买入 sz.003018 200股; 买入 sz.002081 2200股; 买入 sz.301603 100股; 买入 sz.300067 1700股
2026-04-23,"sh.600961,sz.300540,sh.688628,sz.003018,sz.002081,sz.300067,sz.002297",7,"sz.300067,sz.002081,sh.688268,sh.688628,sz.003018,sz.300540,sh.600961,sz.300776,sz.002297,sh.688502",50854.97,74419.24,125274.21,3.591,25.2742,卖出 sz.300905; 卖出 sh.688227; 卖出 sz.301603; 买入 sz.002297 500股
2026-04-24,"sh.600961,sz.003018,sz.300067,sz.300721,sh.603318,sz.300489,sz.301003,sz.301588,sh.600736",9,"sh.688268,sz.300067,sz.300721,sh.603318,sz.003018,sz.300489,sz.301003,sh.600961,sz.301588,sh.600736",33279.23,89872.0,123151.23,-1.6947,23.1512,卖出 sz.300540; 卖出 sh.688628; 卖出 sz.002081; 卖出 sz.002297; 买入 sz.300721 500股; 买入 sh.603318 900股; 买入 sz.300489 100股; 买入 sz.301003 100股; 买入 sz.301588 300股; 买入 sh.600736 1300股
2026-04-27,"sz.300067,sz.300721,sh.603318,sz.301588,sz.300613,sh.688381,sh.600726,sh.688001",8,"sh.688268,sz.300721,sz.300067,sh.688020,sh.603318,sz.300613,sz.301588,sh.688381,sh.600726,sh.688001",45060.64,77024.0,122084.64,-0.8661,22.0846,卖出 sh.600961; 卖出 sz.003018; 卖出 sz.300489; 卖出 sz.301003; 卖出 sh.600736; 买入 sz.300613 100股; 买入 sh.688381 300股; 买入 sh.600726 1700股; 买入 sh.688001 100股
2026-04-28,"sz.300067,sz.300721,sh.603318,sz.300613,sh.688381,sh.600726,sh.688530,sz.301248,sz.000593",9,"sh.688268,sh.603318,sh.688530,sz.300721,sh.600726,sz.300067,sz.301248,sz.300613,sh.688381,sz.000593",30356.92,93971.0,124327.92,1.8375,24.3279,卖出 sz.301588; 卖出 sh.688001; 买入 sh.688530 200股; 买入 sz.301248 100股; 买入 sz.000593 400股
2026-04-29,"sz.300721,sh.603318,sh.600726,sz.301248,sz.000593,sz.301217,sh.600770,sh.688101",8,"sh.603318,sz.000593,sz.300721,sh.600726,sh.688702,sh.688268,sz.301217,sh.600770,sz.301248,sh.688101",39174.54,84364.49,123539.03,-0.6345,23.539,卖出 sz.300067; 卖出 sz.300613; 卖出 sh.688381; 卖出 sh.688530; 买入 sz.301217 100股; 买入 sh.600770 1400股; 买入 sh.688101 500股
2026-04-30,"sh.603318,sz.301217,sz.300632,sh.688530,sh.603095,sz.300769,sh.603399",7,"sz.301217,sz.300632,sh.688530,sh.603095,sz.300769,sh.688531,sh.603399,sz.002192,sz.300390,sh.603318",52959.31,68134.0,121093.31,-1.9797,21.0933,卖出 sz.300721; 卖出 sh.600726; 卖出 sz.301248; 卖出 sz.000593; 卖出 sh.600770; 卖出 sh.688101; 买入 sz.300632 400股; 买入 sh.688530 200股; 买入 sh.603095 400股; 买入 sz.300769 100股; 买入 sh.603399 500股
2026-05-06,"sz.301217,sz.300632,sh.688530,sz.300769,sh.603399,sz.300209,sz.301511,sz.301176",8,"sz.301217,sz.300769,sz.300209,sz.301511,sh.603399,sz.300632,sh.688531,sh.603629,sz.301176,sh.688530",47678.64,76413.0,124091.64,2.476,24.0916,卖出 sh.603318; 卖出 sh.603095; 买入 sz.300209 500股; 买入 sz.301511 100股; 买入 sz.301176 200股
2026-05-07,"sz.301217,sz.300769,sh.603399,sz.300209,sz.300571,sz.002081,sh.688069",7,"sz.300209,sz.301217,sz.300571,sz.002081,sh.603399,sz.300769,sh.688531,sh.688813,sh.688069,sh.603629",58734.11,67055.0,125789.11,1.3679,25.7891,卖出 sz.300632; 卖出 sh.688530; 卖出 sz.301511; 卖出 sz.301176; 买入 sz.300571 100股; 买入 sz.002081 1500股; 买入 sh.688069 200股
2026-05-08,"sz.301217,sz.300769,sh.603399,sz.300209,sz.300571,sh.688069,sh.688655,sh.603045,sh.603937",9,"sz.300209,sh.688655,sh.603045,sh.688531,sh.603937,sz.301217,sh.603399,sz.300571,sh.688069,sz.300769",40685.7,85313.0,125998.7,0.1666,25.9987,卖出 sz.002081; 买入 sh.688655 200股; 买入 sh.603045 100股; 买入 sh.603937 600股
2026-05-11,"sh.688069,sh.688655,sh.603045,sh.688371,sh.688783,sz.301319,sz.300302,sz.300536,sh.688699",9,"sh.603045,sh.688655,sh.688371,sh.688783,sh.688069,sz.301319,sz.002281,sz.300302,sz.300536,sh.688699",40932.84,86424.0,127356.84,1.0779,27.3568,卖出 sz.301217; 卖出 sz.300769; 卖出 sh.603399; 卖出 sz.300209; 卖出 sz.300571; 卖出 sh.603937; 买入 sh.688371 300股; 买入 sh.688783 300股; 买入 sz.301319 100股; 买入 sz.300302 200股; 买入 sz.300536 800股; 买入 sh.688699 100股
2026-05-12,"sh.603045,sz.300302,sz.300736,sh.601991,sz.002491,sz.300449,sh.600396,sz.002552,sh.603459,sz.300983",10,"sz.300736,sh.601991,sz.002491,sh.603045,sz.300302,sz.300449,sh.600396,sz.002552,sh.603459,sz.300983",30372.45,97322.0,127694.45,0.2651,27.6945,卖出 sh.688069; 卖出 sh.688655; 卖出 sh.688371; 卖出 sh.688783; 卖出 sz.301319; 卖出 sz.300536; 卖出 sh.688699; 买入 sz.300736 200股; 买入 sh.601991 1700股; 买入 sz.002491 400股; 买入 sz.300449 1000股; 买入 sh.600396 700股; 买入 sz.002552 300股; 买入 sh.603459 100股; 买入 sz.300983 200股
2026-05-13,"sh.603045,sz.300736,sh.601991,sz.002491,sz.300449,sh.600396,sz.002552,sh.688545,sh.688146",9,"sz.300736,sh.688545,sh.601991,sz.002491,sz.300449,sz.002552,sh.688146,sh.600396,sh.688693,sh.603045",37336.87,95095.0,132431.87,3.71,32.4319,卖出 sz.300302; 卖出 sh.603459; 卖出 sz.300983; 买入 sh.688545 100股; 买入 sh.688146 100股
2026-05-14,"sh.688545,sh.688146,sz.002918,sz.001259,sh.603007,sh.688478,sh.600530",7,"sh.688146,sz.002918,sz.300959,sh.688234,sz.001259,sh.688545,sh.603007,sh.688693,sh.688478,sh.600530",57268.42,73217.0,130485.42,-1.4698,30.4854,卖出 sh.603045; 卖出 sz.300736; 卖出 sh.601991; 卖出 sz.002491; 卖出 sz.300449; 卖出 sh.600396; 卖出 sz.002552; 买入 sz.002918 600股; 买入 sz.001259 200股; 买入 sh.603007 1200股; 买入 sh.688478 100股; 买入 sh.600530 1400股
2026-05-15,"sh.688545,sh.688146,sz.002918,sz.001259,sh.688478,sh.688143,sz.300721,sz.002208",8,"sh.688146,sz.300959,sz.001259,sz.002918,sh.688478,sh.688143,sz.300721,sh.688545,sz.002208,sh.688234",44758.99,87544.0,132302.99,1.3929,32.303,卖出 sh.603007; 卖出 sh.600530; 买入 sh.688143 100股; 买入 sz.300721 400股; 买入 sz.002208 500股
2026-05-18,"sh.688545,sh.688146,sz.002918,sz.001259,sh.688478,sh.688143,sz.300721,sz.002208,sh.600578,sh.600769,sh.601991,sh.601126",12,"sh.600578,sh.688120,sh.600769,sh.601991,sz.300433,sh.601126,sh.600500,sz.000767,sh.688017,sh.600707",2576.85,129684.0,132260.85,-0.0319,32.2608,买入 sh.600578 1500股; 买入 sh.600769 400股; 买入 sh.601991 1500股; 买入 sh.601126 100股
