date,theme_active,theme_name,advice,actions,holdings,holding_names,cash,stock_value,total,day_return_pct,cum_return_pct
2026-02-04,False,,空仓观望：无激活主线 | 无交易,—,现金,现金,400000.0,0.0,400000.0,0.0,0.0
2026-02-05,False,,空仓观望：无激活主线 | 无交易,—,现金,现金,400000.0,0.0,400000.0,0.0,0.0
2026-02-06,False,,空仓观望：无激活主线 | 无交易,—,现金,现金,400000.0,0.0,400000.0,0.0,0.0
2026-02-09,True,光纤光缆-算力网络,"主线「光纤光缆-算力网络」 | 可买: sh.600498 烽火通信,sz.000070 特发信息 | 观察: sh.600487 亨通光电,sh.601869 长飞光纤,sh.600522 中天科技 | 今日执行: 买入 sh.600498 烽火通信 4400股 @42.84; 买入 sz.000070 特发信息 12900股 @14.65",买入 sh.600498 烽火通信 4400股 @42.84; 买入 sz.000070 特发信息 12900股 @14.65,"sh.600498,sz.000070","sh.600498(烽火通信),sz.000070(特发信息)",22141.52,377481.0,399622.52,-0.0944,-0.0944
2026-02-10,True,光纤光缆-算力网络,"主线「光纤光缆-算力网络」 | 可买: sh.600105 永鼎股份,sh.600522 中天科技 | 观察: sh.600487 亨通光电,sh.601869 长飞光纤,sz.000070 特发信息 | 继续持有: sh.600498 烽火通信(4400股),sz.000070 特发信息(12900股)",—,"sh.600498,sz.000070","sh.600498(烽火通信),sz.000070(特发信息)",22141.52,400932.0,423073.52,5.8683,5.7684
2026-02-11,True,光纤光缆-算力网络,"主线「光纤光缆-算力网络」 | 可买: sh.600487 亨通光电,sh.601869 长飞光纤 | 观察: sh.600522 中天科技,sh.600105 永鼎股份,sh.600498 烽火通信 | 继续持有: sh.600498 烽火通信(4400股),sz.000070 特发信息(12900股)",—,"sh.600498,sz.000070","sh.600498(烽火通信),sz.000070(特发信息)",22141.52,411845.0,433986.52,2.5795,8.4966
2026-02-12,True,光纤光缆-算力网络,"主线「光纤光缆-算力网络」 | 可买: sh.600105 永鼎股份,sh.600487 亨通光电 | 观察: sh.601869 长飞光纤,sz.000070 特发信息,sh.600522 中天科技 | 继续持有: sh.600498 烽火通信(4400股),sz.000070 特发信息(12900股)",—,"sh.600498,sz.000070","sh.600498(烽火通信),sz.000070(特发信息)",22141.52,442378.0,464519.52,7.0355,16.1299
2026-02-13,True,光纤光缆-算力网络,"主线「光纤光缆-算力网络」 | 可买: sh.600487 亨通光电,sh.601869 长飞光纤 | 观察: sz.000070 特发信息,sh.600498 烽火通信,sh.600522 中天科技 | 继续持有: sh.600498 烽火通信(4400股),sz.000070 特发信息(12900股)",—,"sh.600498,sz.000070","sh.600498(烽火通信),sz.000070(特发信息)",22141.52,409611.0,431752.52,-7.054,7.9381
2026-02-24,True,光纤光缆-算力网络,"主线「光纤光缆-算力网络」 | 可买: sz.000070 特发信息,sh.600522 中天科技 | 观察: sh.600487 亨通光电,sh.601869 长飞光纤,sh.600498 烽火通信 | 继续持有: sh.600498 烽火通信(4400股),sz.000070 特发信息(12900股)",—,"sh.600498,sz.000070","sh.600498(烽火通信),sz.000070(特发信息)",22141.52,428556.0,450697.52,4.3879,12.6744
2026-02-25,False,,"空仓观望：无激活主线 | 今日执行: 卖出 sh.600498 烽火通信 4400股 @42.60 (theme_off, -0.56%); 卖出 sz.000070 特发信息 12900股 @18.14 (theme_off, +23.82%)","卖出 sh.600498 烽火通信 4400股 @42.60 (theme_off, -0.56%); 卖出 sz.000070 特发信息 12900股 @18.14 (theme_off, +23.82%)",现金,现金,443166.07,0.0,443166.07,-1.6711,10.7915
2026-02-26,False,,空仓观望：无激活主线 | 无交易,—,现金,现金,443166.07,0.0,443166.07,0.0,10.7915
2026-02-27,False,,空仓观望：无激活主线 | 无交易,—,现金,现金,443166.07,0.0,443166.07,0.0,10.7915
2026-03-02,True,光纤光缆-算力网络,"主线「光纤光缆-算力网络」 | 可买: sh.600487 亨通光电,sh.601869 长飞光纤 | 观察: sz.000070 特发信息,sh.600498 烽火通信,sh.600522 中天科技 | 今日执行: 买入 sh.600487 亨通光电 4200股 @49.60; 买入 sh.601869 长飞光纤 800股 @242.42",买入 sh.600487 亨通光电 4200股 @49.60; 买入 sh.601869 长飞光纤 800股 @242.42,"sh.600487,sh.601869","sh.600487(亨通光电),sh.601869(长飞光纤)",40507.82,402256.0,442763.82,-0.0908,10.691
2026-03-03,True,算电协同-电力运营,"主线「算电协同-电力运营」 | 可买: sh.600795 国电电力,sh.600900 长江电力 | 观察: sz.000767 晋控电力,sh.600023 浙能电力,sh.600027 华电国际 | 继续持有: sh.600487 亨通光电(4200股),sh.601869 长飞光纤(800股)",—,"sh.600487,sh.601869","sh.600487(亨通光电),sh.601869(长飞光纤)",40507.82,388384.0,428891.82,-3.133,7.223
2026-03-04,True,光纤光缆-算力网络,"主线「光纤光缆-算力网络」 | 可买: sh.600498 烽火通信,sh.601869 长飞光纤 | 观察: sz.000070 特发信息,sh.600487 亨通光电,sh.600522 中天科技 | 今日执行: 卖出 sh.601869 长飞光纤 800股 @228.27 (stop_loss, -5.84%); 买入 sh.600498 烽火通信 3400股 @58.44","卖出 sh.601869 长飞光纤 800股 @228.27 (stop_loss, -5.84%); 买入 sh.600498 烽火通信 3400股 @58.44","sh.600487,sh.600498","sh.600487(亨通光电),sh.600498(烽火通信)",24046.51,401892.0,425938.51,-0.6886,6.4846
2026-03-05,True,算电协同-电力运营,"主线「算电协同-电力运营」 | 可买: sh.600795 国电电力,sh.600023 浙能电力 | 观察: sz.000767 晋控电力,sh.600900 长江电力,sh.600011 华能国际 | 继续持有: sh.600487 亨通光电(4200股),sh.600498 烽火通信(3400股)",—,"sh.600487,sh.600498","sh.600487(亨通光电),sh.600498(烽火通信)",24046.51,406798.0,430844.51,1.1518,7.7111
2026-03-06,True,智能电网-特高压,"主线「智能电网-特高压」 | 可买: sh.601126 四方股份,sh.600089 特变电工 | 观察: sh.601179 中国西电,sz.002028 思源电气,sh.600406 国电南瑞 | 今日执行: 卖出 sh.600498 烽火通信 3400股 @52.76 (stop_loss, -9.72%); 买入 sh.600089 特变电工 5900股 @32.23","卖出 sh.600498 烽火通信 3400股 @52.76 (stop_loss, -9.72%); 买入 sh.600089 特变电工 5900股 @32.23","sh.600487,sh.600089","sh.600487(亨通光电),sh.600089(特变电工)",12903.96,393563.0,406466.96,-5.6581,1.6167
2026-03-09,True,智能电网-特高压,"主线「智能电网-特高压」 | 可买: sz.002028 思源电气,sh.601179 中国西电 | 观察: sh.600089 特变电工,sh.601126 四方股份,sh.600406 国电南瑞 | 今日执行: 卖出 sh.600487 亨通光电 4200股 @45.72 (stop_loss, -7.82%); 买入 sz.002028 思源电气 800股 @229.06","卖出 sh.600487 亨通光电 4200股 @45.72 (stop_loss, -7.82%); 买入 sz.002028 思源电气 800股 @229.06","sh.600089,sz.002028","sh.600089(特变电工),sz.002028(思源电气)",21304.69,376532.0,397836.69,-2.1232,-0.5408
2026-03-10,True,存储芯片,"主线「存储芯片」 | 可买: sh.688525 佰维存储,sh.688110 东芯股份 | 观察: sz.001309 德明利,sz.300042 朗科科技,sz.301308 江波龙 | 继续持有: sh.600089 特变电工(5900股),sz.002028 思源电气(800股)",—,"sh.600089,sz.002028","sh.600089(特变电工),sz.002028(思源电气)",21304.69,370270.0,391574.69,-1.574,-2.1063
2026-03-11,True,汽车智能化,"主线「汽车智能化」 | 可买: sz.002594 比亚迪,sz.002405 四维图新 | 观察: sz.300750 宁德时代 | 继续持有: sh.600089 特变电工(5900股),sz.002028 思源电气(800股)",—,"sh.600089,sz.002028","sh.600089(特变电工),sz.002028(思源电气)",21304.69,359904.0,381208.69,-2.6473,-4.6978
2026-03-12,False,,"空仓观望：无激活主线 | 今日执行: 卖出 sh.600089 特变电工 5900股 @30.84 (theme_off, -4.31%); 卖出 sz.002028 思源电气 800股 @213.11 (stop_loss, -6.96%)","卖出 sh.600089 特变电工 5900股 @30.84 (theme_off, -4.31%); 卖出 sz.002028 思源电气 800股 @213.11 (stop_loss, -6.96%)",现金,现金,373396.25,0.0,373396.25,-2.0494,-6.6509
2026-03-13,True,锂电池-储能,"主线「锂电池-储能」 | 可买: sz.300014 亿纬锂能,sz.002460 赣锋锂业 | 观察: sz.002709 天赐材料,sz.002812 恩捷股份,sz.300438 鹏辉能源 | 今日执行: 买入 sz.002460 赣锋锂业 2500股 @70.03; 买入 sz.300014 亿纬锂能 2600股 @67.99",买入 sz.002460 赣锋锂业 2500股 @70.03; 买入 sz.300014 亿纬锂能 2600股 @67.99,"sz.002460,sz.300014","sz.002460(赣锋锂业),sz.300014(亿纬锂能)",21193.01,351851.38,373044.4,-0.0942,-6.7389
2026-03-16,True,锂电池-储能,"主线「锂电池-储能」 | 可买: sz.300438 鹏辉能源,sz.002812 恩捷股份 | 观察: sz.002709 天赐材料,sz.002594 比亚迪,sz.300750 宁德时代 | 继续持有: sz.002460 赣锋锂业(2500股),sz.300014 亿纬锂能(2600股)",—,"sz.002460,sz.300014","sz.002460(赣锋锂业),sz.300014(亿纬锂能)",21193.01,357759.28,378952.29,1.5837,-5.2619
2026-03-17,False,,"空仓观望：无激活主线 | 今日执行: 卖出 sz.002460 赣锋锂业 2500股 @68.49 (ma20, -2.20%)","卖出 sz.002460 赣锋锂业 2500股 @68.49 (ma20, -2.20%)",sz.300014,sz.300014(亿纬锂能),192246.79,177812.89,370059.68,-2.3466,-7.4851
2026-03-18,False,,"空仓观望：无激活主线 | 今日执行: 卖出 sz.300014 亿纬锂能 2600股 @67.28 (theme_off, -1.04%)","卖出 sz.300014 亿纬锂能 2600股 @67.28 (theme_off, -1.04%)",现金,现金,367008.43,0.0,367008.43,-0.8245,-8.2479
2026-03-19,False,,空仓观望：无激活主线 | 无交易,—,现金,现金,367008.43,0.0,367008.43,0.0,-8.2479
2026-03-20,False,,空仓观望：无激活主线 | 无交易,—,现金,现金,367008.43,0.0,367008.43,0.0,-8.2479
2026-03-23,False,,空仓观望：无激活主线 | 无交易,—,现金,现金,367008.43,0.0,367008.43,0.0,-8.2479
2026-03-24,True,AI算力-CPO光模块,"主线「AI算力-CPO光模块」 | 可买: sz.000988 华工科技,sz.300308 中际旭创 | 观察: sz.300502 新易盛,sh.688498 源杰科技,sz.300620 光库科技 | 今日执行: 买入 sz.000988 华工科技 1500股 @112.00; 买入 sz.300308 中际旭创 200股 @602.48",买入 sz.000988 华工科技 1500股 @112.00; 买入 sz.300308 中际旭创 200股 @602.48,"sz.000988,sz.300308","sz.000988(华工科技),sz.300308(中际旭创)",78224.53,288495.41,366719.94,-0.0786,-8.32
2026-03-25,True,AI算力-CPO光模块,"主线「AI算力-CPO光模块」 | 可买: sz.000988 华工科技,sz.300502 新易盛 | 观察: sh.688498 源杰科技,sz.002281 光迅科技,sh.600487 亨通光电 | 继续持有: sz.000988 华工科技(1500股),sz.300308 中际旭创(200股)",—,"sz.000988,sz.300308","sz.000988(华工科技),sz.300308(中际旭创)",78224.53,299141.45,377365.98,2.903,-5.6585
2026-03-26,True,算电协同-电力运营,"主线「算电协同-电力运营」 | 可买: sh.601991 大唐发电,sh.601985 中国核电 | 观察: sz.000767 晋控电力,sz.003816 中国广核,sh.600027 华电国际 | 今日执行: 卖出 sz.000988 华工科技 1500股 @105.35 (stop_loss, -5.94%); 买入 sh.601991 大唐发电 38800股 @4.39","卖出 sz.000988 华工科技 1500股 @105.35 (stop_loss, -5.94%); 买入 sh.601991 大唐发电 38800股 @4.39","sz.300308,sh.601991","sz.300308(中际旭创),sh.601991(大唐发电)",65589.18,293026.8,358615.98,-4.9687,-10.346
2026-03-27,True,算电协同-电力运营,"主线「算电协同-电力运营」 | 可买: sh.601991 大唐发电,sh.601985 中国核电 | 观察: sz.000767 晋控电力,sz.003816 中国广核,sh.600900 长江电力 | 继续持有: sz.300308 中际旭创(200股),sh.601991 大唐发电(38800股)",—,"sz.300308,sh.601991","sz.300308(中际旭创),sh.601991(大唐发电)",65589.18,293282.63,358871.81,0.0713,-10.282
2026-03-30,False,,"空仓观望：无激活主线 | 今日执行: 卖出 sz.300308 中际旭创 200股 @588.38 (theme_off, -2.34%); 卖出 sh.601991 大唐发电 38800股 @4.13 (stop_loss, -5.92%)","卖出 sz.300308 中际旭创 200股 @588.38 (theme_off, -2.34%); 卖出 sh.601991 大唐发电 38800股 @4.13 (stop_loss, -5.92%)",现金,现金,343232.0,0.0,343232.0,-4.358,-14.192
2026-03-31,True,光纤光缆-算力网络,"主线「光纤光缆-算力网络」 | 可买: sh.603118 共进股份,sh.600105 永鼎股份 | 观察: sh.601869 长飞光纤,sh.600487 亨通光电,sh.600522 中天科技 | 今日执行: 买入 sh.603118 共进股份 12300股 @13.16; 买入 sh.600105 永鼎股份 5800股 @27.74",买入 sh.603118 共进股份 12300股 @13.16; 买入 sh.600105 永鼎股份 5800股 @27.74,"sh.603118,sh.600105","sh.603118(共进股份),sh.600105(永鼎股份)",20149.24,322760.0,342909.24,-0.094,-14.2727
2026-04-01,True,光纤光缆-算力网络,"主线「光纤光缆-算力网络」 | 可买: sh.600487 亨通光电,sh.603118 共进股份 | 观察: sh.601869 长飞光纤,sh.600105 永鼎股份,sh.600522 中天科技 | 继续持有: sh.603118 共进股份(12300股),sh.600105 永鼎股份(5800股)",—,"sh.603118,sh.600105","sh.603118(共进股份),sh.600105(永鼎股份)",20149.24,341409.0,361558.24,5.4385,-9.6104
2026-04-02,True,光纤光缆-算力网络,"主线「光纤光缆-算力网络」 | 可买: sz.000070 特发信息,sh.600105 永鼎股份 | 观察: sh.601869 长飞光纤,sh.603118 共进股份,sh.600487 亨通光电 | 继续持有: sh.603118 共进股份(12300股),sh.600105 永鼎股份(5800股)",—,"sh.603118,sh.600105","sh.603118(共进股份),sh.600105(永鼎股份)",20149.24,336320.0,356469.24,-1.4075,-10.8827
2026-04-03,True,光纤光缆-算力网络,"主线「光纤光缆-算力网络」 | 可买: sh.600105 永鼎股份,sz.000070 特发信息 | 观察: sh.600487 亨通光电,sh.601869 长飞光纤,sh.600522 中天科技 | 继续持有: sh.603118 共进股份(12300股),sh.600105 永鼎股份(5800股)",—,"sh.603118,sh.600105","sh.603118(共进股份),sh.600105(永鼎股份)",20149.24,342659.0,362808.24,1.7783,-9.2979
2026-04-07,True,光纤光缆-算力网络,"主线「光纤光缆-算力网络」 | 可买: sh.603118 共进股份,sh.600498 烽火通信 | 观察: sh.600487 亨通光电,sh.601869 长飞光纤,sh.600105 永鼎股份 | 继续持有: sh.603118 共进股份(12300股),sh.600105 永鼎股份(5800股)",—,"sh.603118,sh.600105","sh.603118(共进股份),sh.600105(永鼎股份)",20149.24,343851.0,364000.24,0.3285,-8.9999
2026-04-08,True,光纤光缆-算力网络,"主线「光纤光缆-算力网络」 | 可买: sh.603118 共进股份,sh.601869 长飞光纤 | 观察: sh.600105 永鼎股份,sh.600487 亨通光电,sz.000070 特发信息 | 继续持有: sh.603118 共进股份(12300股),sh.600105 永鼎股份(5800股)",—,"sh.603118,sh.600105","sh.603118(共进股份),sh.600105(永鼎股份)",20149.24,364442.0,384591.24,5.6569,-3.8522
2026-04-09,True,光纤光缆-算力网络,"主线「光纤光缆-算力网络」 | 可买: sh.600105 永鼎股份,sh.600487 亨通光电 | 观察: sh.601869 长飞光纤,sz.000070 特发信息,sh.603118 共进股份 | 继续持有: sh.603118 共进股份(12300股),sh.600105 永鼎股份(5800股)",—,"sh.603118,sh.600105","sh.603118(共进股份),sh.600105(永鼎股份)",20149.24,378155.0,398304.24,3.5656,-0.4239
2026-04-10,True,AI算力-CPO光模块,"主线「AI算力-CPO光模块」 | 可买: sh.601869 长飞光纤,sz.300620 光库科技 | 观察: sz.300502 新易盛,sz.300308 中际旭创,sz.002281 光迅科技 | 继续持有: sh.603118 共进股份(12300股),sh.600105 永鼎股份(5800股)",—,"sh.603118,sh.600105","sh.603118(共进股份),sh.600105(永鼎股份)",20149.24,390597.0,410746.24,3.1237,2.6866
2026-04-13,True,AI服务器-高端PCB,"主线「AI服务器-高端PCB」 | 可买: sz.002463 沪电股份,sz.002384 东山精密 | 观察: sz.300476 胜宏科技,sz.002916 深南电路,sz.002938 鹏鼎控股 | 继续持有: sh.603118 共进股份(12300股),sh.600105 永鼎股份(5800股)",—,"sh.603118,sh.600105","sh.603118(共进股份),sh.600105(永鼎股份)",20149.24,398874.0,419023.24,2.0151,4.7558
2026-04-14,True,AI服务器-高端PCB,"主线「AI服务器-高端PCB」 | 可买: sz.002384 东山精密,sz.300476 胜宏科技 | 观察: sz.002463 沪电股份,sh.601138 工业富联,sz.002916 深南电路 | 继续持有: sh.603118 共进股份(12300股),sh.600105 永鼎股份(5800股)",—,"sh.603118,sh.600105","sh.603118(共进股份),sh.600105(永鼎股份)",20149.24,386860.0,407009.24,-2.8671,1.7523
2026-04-15,True,AI服务器-高端PCB,"主线「AI服务器-高端PCB」 | 可买: sz.002384 东山精密,sh.601138 工业富联 | 观察: sz.002436 兴森科技,sz.300739 明阳电路,sz.002938 鹏鼎控股 | 继续持有: sh.603118 共进股份(12300股),sh.600105 永鼎股份(5800股)",—,"sh.603118,sh.600105","sh.603118(共进股份),sh.600105(永鼎股份)",20149.24,385750.0,405899.24,-0.2727,1.4748
2026-04-16,True,存储芯片,"主线「存储芯片」 | 可买: sh.688008 澜起科技,sz.001309 德明利 | 观察: sh.688525 佰维存储,sz.301308 江波龙,sh.688041 海光信息 | 继续持有: sh.603118 共进股份(12300股),sh.600105 永鼎股份(5800股)",—,"sh.603118,sh.600105","sh.603118(共进股份),sh.600105(永鼎股份)",20149.24,398666.0,418815.24,3.1821,4.7038
2026-04-17,True,AI服务器-高端PCB,"主线「AI服务器-高端PCB」 | 可买: sz.002436 兴森科技,sh.601138 工业富联 | 观察: sz.002384 东山精密,sz.300476 胜宏科技,sz.300739 明阳电路 | 继续持有: sh.603118 共进股份(12300股),sh.600105 永鼎股份(5800股)",—,"sh.603118,sh.600105","sh.603118(共进股份),sh.600105(永鼎股份)",20149.24,426254.0,446403.24,6.5872,11.6008
2026-04-20,True,AI算力-CPO光模块,"主线「AI算力-CPO光模块」 | 可买: sh.688313 仕佳光子,sz.002281 光迅科技 | 观察: sh.601869 长飞光纤,sz.300620 光库科技,sh.600487 亨通光电 | 继续持有: sh.603118 共进股份(12300股),sh.600105 永鼎股份(5800股)",—,"sh.603118,sh.600105","sh.603118(共进股份),sh.600105(永鼎股份)",20149.24,425095.0,445244.24,-0.2596,11.3111
2026-04-21,True,AI算力-CPO光模块,"主线「AI算力-CPO光模块」 | 可买: sz.002281 光迅科技,sh.601869 长飞光纤 | 观察: sh.603083 剑桥科技,sh.688313 仕佳光子,sh.600487 亨通光电 | 继续持有: sh.603118 共进股份(12300股),sh.600105 永鼎股份(5800股)",—,"sh.603118,sh.600105","sh.603118(共进股份),sh.600105(永鼎股份)",20149.24,417674.0,437823.24,-1.6667,9.4558
2026-04-22,True,AI算力-CPO光模块,"主线「AI算力-CPO光模块」 | 可买: sz.002281 光迅科技 | 观察: sh.603083 剑桥科技,sh.688313 仕佳光子,sh.600487 亨通光电 | 继续持有: sh.603118 共进股份(12300股),sh.600105 永鼎股份(5800股)",—,"sh.603118,sh.600105","sh.603118(共进股份),sh.600105(永鼎股份)",20149.24,450542.0,470691.24,7.5071,17.6728
2026-04-23,True,AI算力-CPO光模块,"主线「AI算力-CPO光模块」 | 可买: sh.688313 仕佳光子,sh.603083 剑桥科技 | 观察: sz.002281 光迅科技,sh.600487 亨通光电,sz.300308 中际旭创 | 继续持有: sh.603118 共进股份(12300股),sh.600105 永鼎股份(5800股)",—,"sh.603118,sh.600105","sh.603118(共进股份),sh.600105(永鼎股份)",20149.24,460511.0,480660.24,2.1179,20.1651
2026-04-24,False,,"空仓观望：无激活主线 | 今日执行: 卖出 sh.603118 共进股份 12300股 @15.11 (theme_off, +14.82%); 卖出 sh.600105 永鼎股份 5800股 @49.01 (theme_off, +76.68%)","卖出 sh.603118 共进股份 12300股 @15.11 (theme_off, +14.82%); 卖出 sh.600105 永鼎股份 5800股 @49.01 (theme_off, +76.68%)",现金,现金,489790.13,0.0,489790.13,1.8994,22.4475
2026-04-27,True,存储芯片,"主线「存储芯片」 | 可买: sz.001309 德明利,sh.688041 海光信息 | 观察: sh.688008 澜起科技,sh.603986 兆易创新,sh.688347 华虹公司 | 今日执行: 买入 sz.001309 德明利 400股 @488.15; 买入 sh.688041 海光信息 700股 @296.27",买入 sz.001309 德明利 400股 @488.15; 买入 sh.688041 海光信息 700股 @296.27,"sz.001309,sh.688041","sz.001309(德明利),sh.688041(海光信息)",86738.48,402649.0,489387.48,-0.0822,22.3469
2026-04-28,False,,"空仓观望：无激活主线 | 继续持有: sz.001309 德明利(400股),sh.688041 海光信息(700股)",—,"sz.001309,sh.688041","sz.001309(德明利),sh.688041(海光信息)",86738.48,400856.0,487594.48,-0.3664,21.8986
2026-04-29,False,,"空仓观望：无激活主线 | 今日执行: 卖出 sh.688041 海光信息 700股 @278.77 (stop_loss, -5.91%)","卖出 sh.688041 海光信息 700股 @278.77 (stop_loss, -5.91%)",sz.001309,sz.001309(德明利),281682.34,209172.0,490854.34,0.6686,22.7136
2026-04-30,True,存储芯片,"主线「存储芯片」 | 可买: sz.001309 德明利,sz.301308 江波龙 | 观察: sh.688041 海光信息,sh.688008 澜起科技,sh.603986 兆易创新 | 今日执行: 买入 sz.301308 江波龙 500股 @401.12",买入 sz.301308 江波龙 500股 @401.12,"sz.001309,sz.301308","sz.001309(德明利),sz.301308(江波龙)",80921.78,410484.0,491405.78,0.1123,22.8514
2026-05-06,True,存储芯片,"主线「存储芯片」 | 观察: sz.301308 江波龙,sh.688041 海光信息,sz.001309 德明利 | 继续持有: sz.001309 德明利(400股),sz.301308 江波龙(500股)",—,"sz.001309,sz.301308","sz.001309(德明利),sz.301308(江波龙)",80921.78,471586.0,552507.78,12.4341,38.1269
2026-05-07,True,存储芯片,"主线「存储芯片」 | 可买: sz.301308 江波龙,sh.688041 海光信息 | 观察: sz.001309 德明利,sh.688008 澜起科技,sz.300042 朗科科技 | 继续持有: sz.001309 德明利(400股),sz.301308 江波龙(500股)",—,"sz.001309,sz.301308","sz.001309(德明利),sz.301308(江波龙)",80921.78,488269.0,569190.78,3.0195,42.2977
2026-05-08,True,存储芯片,"主线「存储芯片」 | 可买: sh.688008 澜起科技,sz.301308 江波龙 | 观察: sz.001309 德明利,sz.300042 朗科科技,sh.688041 海光信息 | 继续持有: sz.001309 德明利(400股),sz.301308 江波龙(500股)",—,"sz.001309,sz.301308","sz.001309(德明利),sz.301308(江波龙)",80921.78,479079.0,560000.78,-1.6146,40.0002
2026-05-11,True,存储芯片,"主线「存储芯片」 | 观察: sh.688008 澜起科技,sz.301308 江波龙,sz.001309 德明利 | 继续持有: sz.001309 德明利(400股),sz.301308 江波龙(500股)",—,"sz.001309,sz.301308","sz.001309(德明利),sz.301308(江波龙)",80921.78,534014.0,614935.78,9.8098,53.7339
2026-05-12,True,光纤光缆-算力网络,"主线「光纤光缆-算力网络」 | 可买: sh.603118 共进股份,sh.600105 永鼎股份 | 观察: sh.600522 中天科技,sh.600487 亨通光电,sh.600498 烽火通信 | 继续持有: sz.001309 德明利(400股),sz.301308 江波龙(500股)",—,"sz.001309,sz.301308","sz.001309(德明利),sz.301308(江波龙)",80921.78,528020.0,608941.78,-0.9747,52.2354
2026-05-13,True,光纤光缆-算力网络,"主线「光纤光缆-算力网络」 | 可买: sh.603118 共进股份,sh.600522 中天科技 | 观察: sh.600105 永鼎股份,sh.600487 亨通光电,sh.600498 烽火通信 | 继续持有: sz.001309 德明利(400股),sz.301308 江波龙(500股)",—,"sz.001309,sz.301308","sz.001309(德明利),sz.301308(江波龙)",80921.78,577870.0,658791.78,8.1863,64.6979
2026-05-14,True,AI算力-CPO光模块,"主线「AI算力-CPO光模块」 | 可买: sz.002281 光迅科技,sh.600522 中天科技 | 观察: sh.603083 剑桥科技,sz.300308 中际旭创,sh.600487 亨通光电 | 继续持有: sz.001309 德明利(400股),sz.301308 江波龙(500股)",—,"sz.001309,sz.301308","sz.001309(德明利),sz.301308(江波龙)",80921.78,588160.0,669081.78,1.562,67.2704
2026-05-15,True,算电协同-电力运营,"主线「算电协同-电力运营」 | 可买: sh.600011 华能国际,sh.600027 华电国际 | 观察: sh.601991 大唐发电,sz.000767 晋控电力,sh.600578 京能电力 | 继续持有: sz.001309 德明利(400股),sz.301308 江波龙(500股)",—,"sz.001309,sz.301308","sz.001309(德明利),sz.301308(江波龙)",80921.78,580084.0,661005.78,-1.207,65.2514
